"ID","Age","Sex","Violation","Location","Army","PACS","Police"
"sv0016877",19,"M","Mu","urban","No","No","No"
"sv0003621",22,"M","To","rural","No","No","No"
"svv000073",25,"M","Mu","rural","Yes","No","No"
"sv0000201",15,"F","Ds","urban","No","No","No"
"sv0008861",35,"M","Mu","rural","Yes","Yes","No"
"sv0003639",5,"M","Mu","rural","No","No","No"
"sv0011965",18,"M","Mu","rural","No","No","No"
"sv0011655",18,"M","Ds","rural","No","No","No"
"sv0000903",45,"F","Mu","rural","No","Yes","No"
"sv0007146",13,"M","Mu","rural","No","No","Yes"
"sv0014536",25,"M","Mu","rural","Yes","No","No"
"sv0007182",35,"M","Mu","rural","Yes","Yes","No"
"svv000129",45,"M","Mu","rural","Yes","No","No"
"sv0000793",44,"M","Mu","urban","No","No","No"
"sv0011792",20,"M","Ds","rural","No","No","No"
"sv0011807",21,"F","Mu","urban","No","No","No"
"sv0004510",20,"F","Mu","rural","Yes","No","No"
"sv0003098",15,"M","Ds","urban","No","No","No"
"sv0014559",26,"M","Se","rural","No","No","No"
"sv0010410",15,"M","Mu","rural","Yes","No","No"
"sv0002130",35,"F","Mu","rural","Yes","No","No"
"sv0012296",20,"F","Mu","rural","Yes","No","No"
"sv0004257",58,"M","Mu","rural","Yes","No","No"
"sv0000442",25,"M","Mu","rural","No","No","No"
"sv0009140",24,"M","Se","urban","No","No","No"
"sv0007620",23,"M","Ds","rural","No","No","No"
"sv0004703",45,"M","Mu","rural","Yes","No","No"
"sv0015692",18,"M","Mu","","No","No","No"
"sv0008998",45,"M","Mu","rural","No","No","No"
"sv0012816",43,"M","Mu","rural","No","No","No"
"sv0007885",20,"M","Ds","urban","No","No","No"
"sv0018277",12,"M","To","rural","No","No","No"
"sv0005258",20,"M","Ds","urban","No","No","No"
"sv0005102",25,"M","Se","urban","No","No","Yes"
"sv0003533",22,"M","Mu","rural","No","No","No"
"sv0424776",18,"M","Mu","rural","Yes","No","No"
"sv0001884",60,"M","Mu","rural","No","No","No"
"sv0011532",47,"M","Mu","rural","No","No","No"
"sv0009442",16,"F","Se","urban","No","No","No"
"sv0010946",30,"M","DM","rural","No","No","No"
"sv0046886",37,"M","Mu","urban","No","No","No"
"sv0010461",33,"M","Se","rural","No","No","No"
"sv0004980",24,"M","Mu","rural","No","No","No"
"sv0006311",23,"F","Se","urban","No","No","No"
"sv0017052",45,"F","Mu","rural","Yes","No","Yes"
"sv0007929",50,"F","Mu","rural","No","No","No"
"sv0016837",27,"M","Mu","rural","No","No","No"
"sv0002800",16,"M","Mu","rural","Yes","No","No"
"sv0010711",25,"M","Mu","rural","Yes","No","No"
"sv0006964",53,"M","Mu","rural","No","No","No"
"sv0017627",20,"M","Mu","rural","No","No","No"
"sv0002398",25,"M","Mu","rural","Yes","No","No"
"sv0017050",3,"F","Mu","rural","Yes","No","No"
"sv0014437",50,"F","Mu","rural","No","No","No"
"sv0006523",20,"M","Mu","rural","Yes","No","No"
"sv0013146",30,"M","Mu","rural","No","Yes","No"
"sv0006660",45,"M","Mu","rural","Yes","No","No"
"sv0000973",22,"F","Mu","urban","No","No","No"
"sv0008946",45,"M","Mu","rural","Yes","No","No"
"sv0005783",21,"M","Mu","rural","No","Yes","No"
"sv0012632",30,"M","Mu","rural","No","No","No"
"sv0010308",30,"M","Ds","rural","No","No","No"
"sv0018225",40,"M","Se","rural","No","No","No"
"sv0016872",23,"M","Mu","rural","No","No","No"
"sv0004556",14,"M","Mu","urban","No","No","No"
"sv0013948",33,"M","Mu","rural","No","No","No"
"sv0049531",40,"M","Se","rural","No","No","No"
"sv0010331",60,"M","Ds","urban","No","No","No"
"sv0012529",30,"M","Se","urban","No","No","No"
"sv0008946",45,"M","To","rural","Yes","No","No"
"sv0016377",19,"F","Ds","urban","No","No","No"
"sv0001447",23,"M","Mu","rural","Yes","No","No"
"sv0003928",19,"M","Mu","rural","Yes","No","No"
"sv0009255",37,"M","Mu","rural","No","No","No"
"svv000057",33,"M","Mu","rural","Yes","No","No"
"sv0013895",18,"M","Mu","rural","Yes","No","No"
"sv0009886",38,"M","Mu","rural","No","No","No"
"sv0010850",29,"M","Mu","rural","No","No","No"
"sv0003698",70,"M","Mu","rural","No","No","No"
"sv0010892",21,"M","Mu","urban","No","No","No"
"sv0011040",35,"M","Mu","rural","Yes","No","No"
"sv0017987",24,"M","Se","rural","No","No","No"
"sv0005548",38,"M","Mu","rural","No","No","No"
"sv0011041",40,"F","Mu","rural","Yes","No","No"
"sv0017472",50,"F","Mu","rural","Yes","No","No"
"sv0014491",26,"M","Mu","rural","No","No","No"
"sv0001149",23,"M","Mu","urban","No","No","No"
"sv0000040",42,"M","Ds","urban","No","No","No"
"sv0003937",14,"F","Ds","rural","Yes","No","No"
"sv0009299",9,"M","Mu","rural","No","No","No"
"sv0018504",27,"M","Mu","rural","Yes","No","Yes"
"sv0000198",40,"M","Se","rural","No","No","No"
"sv0018177",8,"M","Mu","rural","Yes","No","No"
"sv0000152",25,"M","Ds","rural","No","No","No"
"sv0006100",2,"F","Se","urban","No","No","No"
"sv0017070",35,"M","Mu","rural","Yes","No","No"
"sv0010100",32,"M","Mu","rural","Yes","No","No"
"sv0013141",28,"M","Mu","rural","No","No","No"
"sv0006132",4,"F","Mu","rural","No","No","No"
"sv0001946",26,"M","Mu","rural","Yes","No","No"
"sv0008854",30,"F","Mu","rural","Yes","Yes","No"
"sv0012436",42,"M","Mu","rural","Yes","No","No"
"sv0016015",30,"M","Mu","rural","No","No","No"
"sv0013867",35,"M","Mu","rural","No","No","No"
"sv0016747",54,"M","Se","rural","No","No","No"
"sv0014509",37,"M","Mu","rural","No","No","No"
"sv0003171",18,"F","Mu","rural","No","No","No"
"sv0001340",40,"M","Mu","rural","No","No","No"
"sv0014453",30,"M","Mu","rural","No","No","No"
"sv0014417",38,"M","Mu","rural","No","No","No"
"sv0008389",45,"M","Mu","rural","Yes","Yes","No"
"sv0005677",49,"M","Mu","rural","No","No","No"
"sv0017011",25,"M","Mu","rural","No","No","No"
"sv0011401",40,"M","Se","rural","No","No","No"
"sv0017189",50,"M","Mu","rural","No","No","No"
"sv0009908",35,"M","Mu","rural","No","Yes","No"
"sv0006798",20,"M","DM","rural","No","No","No"
"sv0424501",27,"M","Se","rural","No","No","No"
"sv0419639",42,"M","Mu","rural","No","No","No"
"sv0017532",30,"M","Mu","rural","Yes","Yes","No"
"sv0006188",24,"M","Mu","rural","No","No","No"
"sv0014358",22,"M","Mu","urban","No","No","No"
"sv0010202",32,"M","Se","rural","No","No","Yes"
"sv0016393",40,"M","Mu","rural","No","No","No"
"sv0003630",30,"F","Mu","rural","No","No","No"
"sv0002291",18,"M","To","rural","No","No","No"
"sv0016588",18,"M","HR","urban","No","No","No"
"sv0003629",2,"M","Mu","rural","No","No","No"
"sv0009155",30,"M","Se","rural","No","No","No"
"sv0010551",44,"M","Se","rural","No","No","No"
"sv0014253",19,"M","Se","rural","No","No","No"
"sv0008613",41,"M","Se","rural","Yes","No","No"
"sv0007205",47,"M","Se","urban","No","No","No"
"sv0017448",18,"F","Mu","rural","Yes","No","No"
"sv0013213",17,"M","Ds","urban","No","No","No"
"sv0002151",48,"M","Mu","rural","No","No","No"
"sv0006656",22,"M","Mu","rural","No","No","No"
"sv0006811",15,"F","Ds","urban","No","No","No"
"sv0014970",35,"M","Mu","rural","Yes","Yes","No"
"sv0000028",38,"M","Mu","urban","Yes","No","No"
"sv0009050",27,"F","Ds","urban","No","No","No"
"sv0002079",49,"M","Se","rural","No","No","No"
"sv0016097",5,"M","Mu","rural","Yes","No","No"
"sv0003264",26,"M","Mu","urban","No","No","No"
"sv0004758",39,"M","Mu","rural","No","No","No"
"sv0005982",22,"M","Mu","rural","Yes","No","No"
"sv0008020",65,"M","Mu","rural","Yes","No","Yes"
"sv0013771",35,"M","Mu","rural","Yes","No","No"
"sv0004361",35,"M","Mu","rural","Yes","No","No"
"sv0017814",58,"M","Mu","rural","No","No","No"
"sv0016652",25,"M","Mu","rural","Yes","No","No"
"sv0010344",22,"M","Se","rural","No","No","No"
"sv0008123",20,"F","Mu","rural","No","No","No"
"sv0009059",10,"M","Mu","urban","No","No","No"
"sv0006868",45,"M","Se","rural","No","No","No"
"sv0011937",21,"M","Se","urban","No","No","No"
"sv0008895",20,"M","DM","rural","No","No","No"
"sv0013430",95,"M","Mu","rural","Yes","No","No"
"sv0010184",41,"M","Mu","rural","No","No","No"
"sv0020371",20,"M","Mu","rural","No","No","No"
"sv0011188",30,"M","Mu","rural","Yes","No","No"
"sv0000099",35,"M","Mu","rural","No","No","No"
"sv0011846",16,"M","Ds","urban","No","No","No"
"sv0008080",22,"M","Se","rural","No","No","No"
"sv0017445",38,"M","To","rural","Yes","No","No"
"sv0001471",25,"M","Ds","urban","No","No","No"
"sv0004419",55,"M","Ds","rural","No","No","No"
"sv0004238",45,"M","Mu","rural","No","No","No"
"sv0012596",80,"F","Mu","rural","No","No","No"
"sv0004068",22,"M","HR","rural","No","No","No"
"sv0018606",33,"M","Mu","rural","Yes","No","No"
"sv0006875",6,"M","Se","rural","No","No","No"
"sv0015846",45,"M","Mu","rural","Yes","No","No"
"sv0016116",23,"M","Mu","rural","No","No","No"
"sv0003676",25,"M","Mu","rural","No","No","No"
"sv0017077",59,"M","Se","urban","No","No","No"
"sv0004271",30,"M","To","rural","No","No","No"
"sv0016133",28,"M","Se","rural","No","Yes","No"
"sv0009020",19,"M","Se","urban","No","No","No"
"sv0015266",35,"M","Mu","rural","Yes","No","No"
"sv0012503",35,"M","Mu","rural","Yes","No","No"
"sv0018312",20,"M","Mu","urban","No","No","No"
"sv0010675",12,"M","Mu","urban","No","No","No"
"sv0004368",30,"M","Se","rural","No","No","No"
"sv0424017",62,"M","Mu","rural","No","No","No"
"sv0014994",18,"M","Se","rural","No","No","No"
"sv0017069",16,"F","Mu","urban","No","No","No"
"sv0010355",21,"F","Se","urban","No","No","No"
"sv0011243",30,"M","Mu","rural","No","No","No"
"sv0003496",43,"M","Mu","rural","No","No","No"
"sv0003495",56,"M","Mu","rural","No","No","No"
"sv0004762",17,"F","HR","urban","Yes","No","No"
"sv0049889",45,"M","Mu","rural","No","No","No"
"sv0000439",30,"M","Mu","urban","No","No","No"
"sv0013685",17,"M","Mu","rural","Yes","Yes","No"
"sv0004201",15,"M","Ds","urban","No","No","No"
"sv0011783",45,"M","Mu","urban","No","No","No"
"sv0004757",22,"M","Mu","rural","No","No","Yes"
"sv0008783",6,"F","Mu","rural","Yes","No","No"
"sv0015184",45,"M","Se","rural","No","No","No"
"sv0020288",27,"M","Mu","urban","No","No","No"
"sv0005461",36,"M","Mu","urban","No","No","No"
"sv0009287",28,"M","Mu","urban","No","No","No"
"sv0005501",47,"M","Mu","urban","No","No","No"
"sv0011640",35,"M","Mu","rural","Yes","No","No"
"sv0011712",40,"M","Mu","urban","No","No","No"
"sv0016541",13,"F","Ds","urban","No","No","No"
"svv000158",35,"M","Mu","rural","Yes","No","No"
"svv000193",42,"F","Mu","rural","No","No","No"
"sv0018467",17,"M","Mu","rural","Yes","No","No"
"sv0011830",40,"M","Mu","rural","Yes","No","No"
"svv000036",55,"M","Mu","rural","Yes","No","No"
"sv0002264",40,"M","Mu","rural","Yes","No","No"
"sv0016569",19,"M","Mu","rural","No","No","Yes"
"sv0003685",45,"F","Mu","rural","Yes","No","No"
"sv0017931",24,"M","Mu","rural","No","No","No"
"sv0016701",19,"M","Mu","urban","No","No","No"
"sv0013405",13,"F","Mu","rural","Yes","No","No"
"sv0013221",48,"M","Mu","rural","No","No","No"
"sv0017321",29,"M","Mu","rural","No","No","No"
"sv0006597",25,"M","Se","rural","No","No","No"
"sv0003229",10,"M","Mu","rural","No","No","No"
"sv0009663",29,"M","Se","rural","No","No","No"
"sv0005517",25,"M","Mu","rural","No","Yes","No"
"sv0013879",33,"F","Mu","rural","No","No","No"
"sv0006634",35,"M","DM","urban","No","No","No"
"sv0015766",45,"M","Se","rural","No","No","No"
"sv0009896",40,"M","Mu","urban","No","No","No"
"sv0015218",18,"M","Mu","rural","No","No","No"
"svv000251",22,"F","Mu","rural","Yes","No","No"
"sv0006261",22,"M","Mu","urban","No","No","No"
"sv0007985",34,"M","Mu","rural","No","No","No"
"sv0008288",23,"M","HR","urban","No","No","No"
"sv0015593",35,"M","Mu","rural","Yes","No","No"
"sv0015665",42,"M","Mu","rural","No","No","No"
"sv0016280",61,"M","Se","rural","No","No","No"
"sv0015787",28,"M","Mu","rural","No","No","No"
"sv0009485",36,"M","Mu","rural","Yes","No","No"
"sv0006074",54,"M","Mu","rural","No","No","No"
"sv0016499",20,"M","Mu","urban","No","No","No"
"sv0010904",28,"M","To","rural","Yes","Yes","No"
"sv0014435",12,"F","Mu","rural","Yes","No","No"
"sv0017271",36,"M","Se","rural","No","No","No"
"sv0013843",3,"M","Ds","urban","No","No","No"
"sv0006025",37,"M","Mu","rural","No","No","No"
"sv0424632",18,"M","Se","rural","No","No","No"
"sv0010825",44,"M","Se","rural","No","No","No"
"sv0005898",35,"M","Se","rural","No","No","Yes"
"sv0005981",27,"M","DM","rural","No","No","No"
"sv0014010",28,"M","To","rural","Yes","No","No"
"sv0009864",17,"F","DM","rural","Yes","No","No"
"sv0011552",16,"M","Se","rural","No","No","No"
"sv0007997",16,"M","Mu","rural","No","No","No"
"sv0013662",5,"F","Ds","urban","No","No","No"
"sv0015865",30,"M","Mu","rural","No","No","No"
"svv000125",36,"M","Mu","urban","No","No","No"
"sv0011508",20,"M","Se","urban","No","No","No"
"sv0016979",40,"M","Mu","rural","No","No","No"
"sv0014918",22,"M","Ds","urban","No","No","No"
"sv0004108",41,"M","Mu","rural","No","No","No"
"sv0012522",39,"M","Se","rural","No","No","No"
"sv0017119",16,"M","Se","urban","No","No","No"
"sv0015255",32,"M","Se","rural","Yes","No","No"
"sv0012310",45,"M","Mu","rural","No","Yes","No"
"sv0003512",18,"F","Mu","rural","Yes","No","No"
"sv0010194",33,"M","Mu","rural","No","No","No"
"svv000145",55,"F","Mu","rural","Yes","No","No"
"svv000054",10,"M","HR","urban","No","No","No"
"sv0412675",57,"M","Mu","urban","No","No","No"
"sv0050073",15,"M","Mu","rural","No","No","No"
"sv0008702",60,"M","Se","rural","Yes","No","No"
"sv0050155",19,"M","Se","rural","No","No","Yes"
"sv0001605",36,"M","Se","rural","No","No","No"
"sv0419969",22,"M","Ds","urban","No","No","No"
"sv0012232",42,"M","Mu","rural","Yes","No","No"
"sv0016888",26,"F","Mu","rural","Yes","No","No"
"sv0011086",40,"F","Mu","rural","Yes","No","No"
"sv0008077",24,"M","Mu","urban","No","No","No"
"sv0008426",7,"M","Mu","rural","Yes","No","No"
"sv0009828",23,"M","Mu","rural","No","No","No"
"sv0012553",40,"M","Mu","rural","Yes","No","No"
"sv0002462",27,"M","Se","rural","No","No","No"
"svv000012",28,"M","Mu","rural","Yes","No","No"
"sv0011752",18,"M","Mu","rural","Yes","No","No"
"sv0008110",73,"M","Mu","urban","No","No","No"
"sv0005567",34,"M","Ds","urban","No","No","No"
"sv0011559",18,"M","Se","urban","No","No","No"
"sv0014699",20,"M","Mu","urban","No","No","No"
"sv0011771",34,"M","Mu","rural","Yes","No","No"
"sv0010997",46,"M","Mu","rural","No","No","No"
"sv0005467",4,"M","Mu","rural","No","No","No"
"sv0008591",24,"M","Se","urban","No","No","No"
"sv0416545",30,"M","Mu","rural","No","No","No"
"sv0015009",46,"M","Mu","rural","No","No","No"
"sv0018144",22,"M","Mu","rural","Yes","No","No"
"sv0016219",19,"M","Ds","rural","No","No","No"
"sv0011210",14,"M","Ds","rural","No","No","No"
"sv0009948",22,"M","Mu","urban","No","No","No"
"sv0018334",40,"M","Mu","rural","No","No","No"
"sv0004293",67,"M","Se","rural","Yes","No","No"
"sv0016655",32,"M","Mu","rural","No","No","No"
"sv0003353",53,"M","Mu","rural","Yes","No","No"
"sv0013852",45,"M","To","rural","No","No","No"
"sv0015912",31,"F","Mu","urban","No","No","No"
"svv000217",92,"F","Mu","rural","Yes","No","No"
"sv0002067",15,"M","Ds","urban","No","No","No"
"sv0007110",32,"M","Mu","urban","No","No","No"
"sv0006285",24,"M","Mu","urban","No","No","No"
"sv0016545",25,"F","Mu","rural","Yes","No","No"
"sv0003813",14,"M","Ds","urban","No","No","No"
"sv0005396",33,"M","Ds","urban","No","No","No"
"sv0002031",35,"M","Mu","rural","No","Yes","No"
"sv0011896",30,"M","Se","rural","No","No","No"
"sv0009368",28,"M","Mu","rural","Yes","No","No"
"sv0013915",50,"M","To","rural","Yes","No","No"
"sv0001569",19,"M","To","rural","Yes","No","No"
"sv0011910",78,"M","Mu","rural","No","No","No"
"sv0011032",40,"M","Mu","rural","No","Yes","No"
"sv0002916",5,"F","HR","rural","No","No","No"
"sv0016233",15,"F","Mu","rural","No","No","No"
"sv0016375",37,"M","Ds","urban","No","No","No"
"sv0003358",70,"M","Mu","rural","Yes","No","No"
"sv0003870",45,"M","Mu","rural","No","No","No"
"sv0013432",38,"M","Mu","rural","Yes","No","No"
"svv000116",38,"M","Mu","rural","No","No","No"
"sv0009830",40,"M","Mu","rural","No","No","No"
"sv0008343",23,"M","Se","urban","No","No","No"
"sv0014409",25,"F","Mu","rural","No","No","No"
"svv000224",40,"M","Se","rural","No","No","No"
"sv0011660",24,"M","Mu","rural","No","Yes","No"
"sv0010861",30,"M","Mu","urban","No","No","No"
"sv0012604",14,"F","Ds","urban","No","No","No"
"sv0010014",33,"M","Mu","rural","No","No","No"
"sv0008856",15,"M","Mu","rural","Yes","Yes","No"
"sv0000762",42,"M","Ds","rural","No","No","No"
"sv0010772",22,"M","Ds","urban","No","No","No"
"sv0001264",55,"M","Se","rural","No","No","No"
"sv0428468",43,"F","DM","urban","No","No","No"
"sv0012912",35,"F","HR","rural","No","No","No"
"sv0007777",38,"M","Se","urban","No","No","No"
"sv0013852",45,"M","Mu","rural","No","No","No"
"sv0006869",36,"M","Mu","rural","No","No","No"
"sv0011103",55,"M","Mu","rural","Yes","Yes","No"
"sv0008686",44,"M","DM","rural","No","No","No"
"sv0003053",19,"M","Se","rural","No","No","No"
"sv0017238",30,"M","Mu","rural","No","No","No"
"sv0426195",26,"M","Mu","rural","No","No","No"
"sv0013029",32,"M","Se","urban","No","No","No"
"sv0413891",5,"F","Mu","rural","No","No","No"
"sv0003707",57,"M","DM","rural","No","No","No"
"sv0017524",28,"M","Mu","rural","No","Yes","No"
"sv0006122",2,"M","Mu","rural","No","No","No"
"sv0007116",19,"M","Mu","rural","No","No","No"
"sv0007192",38,"M","Se","urban","No","No","No"
"sv0008267",30,"M","Se","rural","No","No","No"
"sv0020247",56,"F","Mu","rural","No","No","No"
"sv0000592",35,"F","Mu","rural","Yes","No","No"
"sv0014105",5,"M","Mu","rural","Yes","Yes","No"
"sv0006197",45,"M","Ds","urban","No","No","No"
"sv0018529",38,"M","Mu","rural","Yes","No","No"
"sv0016020",20,"M","Mu","rural","No","No","No"
"sv0006053",16,"F","Mu","rural","No","No","No"
"sv0014071",17,"M","Ds","urban","No","No","No"
"sv0016617",24,"F","Se","rural","No","No","No"
"sv0008340",34,"M","Ds","urban","No","No","Yes"
"sv0014637",35,"M","Mu","rural","Yes","No","No"
"sv0013164",22,"M","Se","rural","No","No","No"
"sv0004337",19,"M","Mu","rural","No","No","No"
"sv0004677",90,"F","Mu","rural","Yes","No","No"
"svv000164",70,"M","Mu","rural","No","No","No"
"sv0000180",28,"M","Se","urban","No","No","No"
"sv0001281",29,"M","Se","urban","No","No","No"
"sv0017484",40,"M","Mu","rural","No","No","No"
"sv0015234",31,"M","Mu","","No","No","No"
"sv0000997",33,"F","Mu","urban","No","No","No"
"sv0005763",65,"F","Se","rural","No","No","No"
"sv0018316",20,"M","Mu","rural","No","No","No"
"sv0018236",31,"F","Mu","rural","Yes","No","No"
"sv0001620",57,"M","DM","urban","No","No","No"
"sv0006793",46,"M","Mu","urban","No","No","No"
"sv0000153",22,"M","Se","urban","Yes","No","No"
"sv0016279",20,"M","Mu","rural","Yes","No","No"
"sv0422286",58,"M","Mu","rural","No","No","No"
"sv0012670",30,"M","Mu","rural","Yes","No","No"
"sv0007052",39,"F","Se","urban","No","No","No"
"sv0004040",22,"M","Se","rural","No","No","No"
"sv0018410",38,"M","Mu","urban","No","No","No"
"sv0012049",50,"M","Mu","rural","No","No","No"
"sv0010784",18,"M","Ds","urban","No","No","No"
"sv0003750",29,"M","Mu","rural","Yes","No","Yes"
"sv0013531",48,"M","Se","rural","No","No","No"
"sv0010050",16,"M","DM","urban","No","No","No"
"sv0010673",48,"M","To","rural","No","No","No"
"sv0008329",43,"M","Se","urban","No","No","No"
"sv0013486",26,"M","Mu","rural","No","No","No"
"sv0009476",20,"M","Mu","urban","No","No","No"
"sv0007905",30,"M","Mu","rural","Yes","Yes","No"
"sv0010069",26,"M","Se","rural","No","No","No"
"sv0002719",27,"M","Ds","urban","No","No","No"
"sv0014545",14,"M","Se","urban","No","No","No"
"sv0009209",68,"M","Mu","rural","No","No","No"
"sv0009048",23,"M","Mu","urban","Yes","No","No"
"sv0012281",20,"F","Mu","rural","No","No","No"
"sv0000829",33,"M","Mu","urban","No","No","No"
"sv0015774",52,"M","Mu","rural","Yes","No","No"
"sv0006329",28,"M","Mu","rural","No","No","No"
"sv0013289",45,"M","Mu","rural","Yes","No","No"
"sv0007399",6,"F","Mu","rural","Yes","No","No"
"sv0002859",20,"M","Mu","rural","No","No","No"
"sv0005238",20,"M","Se","urban","No","No","No"
"sv0009705",26,"M","Mu","rural","No","No","No"
"sv0005755",50,"M","Mu","rural","No","No","No"
"sv0016215",57,"M","Mu","rural","No","No","No"
"sv0001409",35,"M","Mu","urban","No","No","No"
"sv0016305",31,"M","Mu","urban","No","No","No"
"sv0017198",35,"F","Mu","rural","No","No","No"
"sv0015934",55,"F","Mu","rural","Yes","No","No"
"sv0004606",35,"F","Mu","rural","Yes","No","Yes"
"sv0010692",35,"M","Mu","rural","Yes","No","No"
"svv000252",60,"M","Se","rural","No","No","No"
"sv0015671",13,"M","Mu","rural","Yes","No","No"
"svp011568",22,"M","Mu","rural","No","No","No"
"sv0007922",27,"M","Mu","rural","No","Yes","No"
"sv0012316",13,"M","HR","urban","No","No","No"
"sv0011212",19,"M","Mu","rural","No","No","No"
"sv0004097",65,"M","Mu","rural","No","No","No"
"sv0007581",29,"M","Se","urban","No","No","No"
"sv0015284",38,"M","Mu","rural","Yes","No","No"
"sv0008257",40,"M","Mu","rural","Yes","No","No"
"sv0003748",50,"F","Mu","rural","No","No","No"
"sv0013383",13,"F","Mu","urban","No","No","No"
"sv0001364",35,"M","Ds","urban","No","No","No"
"sv0014199",19,"M","Mu","rural","No","No","No"
"sv0008713",36,"M","Mu","rural","No","No","No"
"sv0009215",23,"M","Se","rural","No","No","No"
"sv0013330",25,"M","Mu","urban","No","No","No"
"sv0008246",53,"M","Mu","rural","No","No","No"
"sv0013856",18,"F","Se","urban","No","No","No"
"sv0003593",24,"M","Mu","urban","No","No","No"
"sv0012359",25,"M","Mu","rural","Yes","No","No"
"sv0006829",27,"M","Mu","rural","No","No","No"
"sv0001460",43,"M","Mu","urban","No","No","No"
"sv0009253",23,"F","Se","rural","Yes","No","No"
"sv0007743",65,"M","Mu","urban","No","No","No"
"sv0016655",32,"M","Se","rural","No","No","No"
"sv0012957",41,"M","Mu","rural","No","No","No"
"sv0003457",14,"F","To","rural","Yes","Yes","No"
"sv0006185",23,"M","Se","urban","No","No","No"
"sv0011598",8,"M","Ds","urban","No","No","No"
"sv0011740",5,"F","Mu","rural","Yes","Yes","No"
"sv0009211",27,"M","Ds","rural","No","No","No"
"sv0007253",33,"F","Mu","rural","Yes","No","No"
"sv0006015",17,"M","HR","urban","No","No","No"
"sv0016676",23,"M","Ds","urban","No","No","No"
"sv0004028",25,"M","Se","urban","No","No","No"
"sv0018075",45,"M","Mu","rural","No","No","No"
"sv0010825",44,"M","Se","rural","No","No","No"
"sv0008362",20,"M","Mu","rural","No","No","No"
"sv0013441",22,"M","Se","rural","No","No","No"
"sv0005109",17,"M","Mu","rural","Yes","No","No"
"sv0015367",18,"M","Mu","rural","Yes","No","No"
"sv0001219",40,"M","Mu","rural","No","No","No"
"sv0007563",88,"M","Mu","rural","Yes","Yes","No"
"sv0008068",6,"F","Mu","rural","Yes","No","No"
"sv0012465",45,"M","Mu","rural","No","No","No"
"sv0017419",29,"F","Ds","rural","No","No","No"
"sv0018141",41,"M","Se","rural","No","No","No"
"sv0010540",35,"M","Mu","rural","Yes","Yes","No"
"sv0010544",35,"M","Se","rural","No","No","No"
"sv0006837",35,"M","Mu","rural","No","No","No"
"sv0007252",23,"M","DM","rural","No","No","No"
"sv0009097",4,"F","Mu","rural","Yes","No","No"
"sv0001745",46,"M","Mu","rural","No","No","No"
"sv0007827",45,"M","Mu","rural","No","No","No"
"sv0049371",50,"M","Se","rural","No","No","No"
"sv0007193",40,"M","Mu","rural","Yes","Yes","No"
"sv0007192",38,"M","Mu","rural","No","No","No"
"sv0011913",50,"M","Ds","urban","No","No","No"
"sv0005554",45,"M","Se","rural","No","No","No"
"sv0016880",39,"M","Se","rural","No","No","No"
"sv0001614",42,"M","Ds","rural","No","No","No"
"sv0014056",33,"M","To","rural","Yes","No","No"
"sv0007660",10,"M","Mu","rural","Yes","No","No"
"sv0003510",45,"F","HR","urban","No","No","No"
"sv0015347",18,"F","Ds","urban","No","No","No"
"sv0003364",20,"M","Mu","rural","No","No","No"
"svv000083",17,"M","Se","urban","No","No","No"
"sv0011504",6,"F","Mu","rural","Yes","No","No"
"sv0012938",18,"F","Ds","rural","Yes","Yes","No"
"sv0013101",27,"M","HR","urban","No","No","No"
"sv0012541",24,"F","Se","rural","Yes","No","No"
"sv0004621",29,"M","DM","urban","No","No","No"
"sv0002995",25,"F","Mu","rural","No","No","No"
"svv000216",58,"F","Mu","rural","No","No","No"
"sv0009343",42,"M","Mu","rural","No","No","No"
"sv0006854",30,"M","Ds","urban","No","No","No"
"sv0003334",49,"M","Ds","urban","No","No","No"
"sv0009301",25,"F","To","rural","No","No","No"
"sv0002942",48,"F","Mu","rural","Yes","No","No"
"sv0017171",30,"M","Mu","rural","Yes","No","No"
"sv0000255",36,"M","Se","rural","Yes","No","No"
"sv0011961",38,"M","Se","urban","No","No","No"
"sv0018323",36,"M","Mu","rural","Yes","No","No"
"sv0007221",17,"M","Se","urban","No","No","No"
"sv0017536",63,"M","Mu","rural","Yes","Yes","No"
"sv0011731",26,"M","Se","urban","No","No","No"
"sv0005196",23,"M","Mu","rural","No","Yes","No"
"sv0004831",20,"M","Mu","rural","No","No","No"
"sv0014505",23,"M","Mu","urban","No","No","No"
"sv0005572",30,"M","Mu","rural","No","No","No"
"sv0003017",35,"M","Mu","urban","No","No","No"
"sv0005758",21,"F","Mu","urban","No","No","No"
"sv0003269",30,"F","Mu","rural","No","Yes","No"
"sv0008784",8,"M","Mu","rural","Yes","No","No"
"sv0008057",35,"M","Mu","rural","No","No","No"
"sv0017811",48,"M","Mu","rural","Yes","No","No"
"sv0017738",24,"F","Se","urban","No","No","Yes"
"sv0003865",2,"F","Mu","rural","Yes","No","No"
"sv0009918",31,"M","Mu","urban","No","No","No"
"sv0010946",30,"M","DM","rural","No","No","No"
"sv0009449",45,"M","Mu","urban","No","No","No"
"sv0004071",23,"M","Ds","urban","No","No","No"
"svv000100",60,"M","Mu","rural","Yes","Yes","No"
"sv0018254",19,"M","Mu","rural","Yes","Yes","No"
"sv0011034",15,"M","Mu","rural","No","No","No"
"sv0017907",25,"F","Ds","urban","No","No","No"
"sv0008247",41,"M","Mu","rural","No","No","No"
"sv0018277",12,"M","Mu","rural","No","No","No"
"sv0009846",25,"M","Mu","rural","No","No","No"
"sv0009166",35,"M","Mu","rural","Yes","No","No"
"sv0010324",55,"M","Se","rural","No","No","No"
"sv0011006",52,"M","Mu","rural","No","No","No"
"sv0003625",18,"M","Mu","rural","Yes","No","No"
"sv0010732",14,"F","Mu","rural","Yes","No","No"
"sv0009248",50,"M","To","rural","Yes","No","No"
"sv0018518",50,"F","Mu","rural","Yes","No","No"
"sv0017566",45,"M","Mu","urban","No","No","No"
"sv0000469",57,"F","Mu","rural","No","No","No"
"sv0001184",65,"M","Mu","urban","No","No","No"
"sv0018335",43,"M","Mu","rural","Yes","No","No"
"sv0006118",65,"M","Mu","rural","No","Yes","No"
"sv0015130",36,"M","Mu","rural","No","No","No"
"sv0010179",50,"M","Mu","rural","Yes","No","No"
"sv0008662",12,"F","Mu","rural","Yes","Yes","No"
"sv0009438",31,"M","Mu","rural","No","No","No"
"sv0003919",27,"M","Se","rural","No","No","No"
"sv0013357",65,"F","Mu","rural","No","No","No"
"sv0006110",42,"M","Ds","urban","No","No","No"
"sv0016200",51,"M","Mu","rural","No","No","No"
"sv0012947",40,"M","Mu","rural","Yes","No","No"
"sv0005649",7,"M","Mu","rural","Yes","No","No"
"sv0006222",23,"M","HR","urban","No","No","No"
"sv0010252",17,"M","Mu","rural","Yes","No","No"
"sv0007798",18,"M","Mu","rural","No","No","No"
"sv0001164",40,"M","Mu","rural","Yes","No","No"
"sv0050152",60,"M","Se","rural","No","No","No"
"sv0013837",14,"M","Mu","urban","No","No","No"
"sv0009508",13,"M","Mu","rural","Yes","No","No"
"sv0050072",18,"F","Mu","rural","No","No","No"
"sv0010144",18,"M","Se","urban","No","No","No"
"sv0015201",52,"M","Se","rural","No","No","No"
"sv0012953",40,"M","Mu","rural","Yes","No","No"
"sv0004024",42,"M","Mu","rural","No","No","No"
"sv0015135",19,"M","Mu","urban","No","No","No"
"sv0006983",24,"M","Se","rural","No","No","No"
"sv0015973",30,"M","Mu","urban","No","No","No"
"sv0005885",28,"M","Ds","rural","No","Yes","No"
"sv0006531",24,"F","Mu","rural","Yes","No","No"
"sv0018573",52,"M","Mu","rural","No","No","No"
"sv0012234",22,"M","Mu","rural","No","No","No"
"sv0000745",45,"M","Mu","rural","Yes","Yes","No"
"sv0048037",26,"M","Mu","rural","No","No","No"
"sv0000714",22,"M","Se","urban","No","No","No"
"sv0012501",44,"M","Mu","rural","No","No","No"
"sv0001323",65,"M","Se","rural","No","No","No"
"sv0006570",31,"M","Mu","rural","No","No","No"
"sv0001119",24,"M","Se","urban","No","No","No"
"sv0011600",50,"M","Mu","rural","Yes","No","No"
"sv0018057",38,"M","Mu","rural","No","No","No"
"sv0014216",4,"M","Mu","rural","Yes","No","No"
"sv0010685",60,"M","Mu","rural","No","No","No"
"sv0003128",10,"F","Ds","urban","No","No","No"
"sv0014965",48,"M","Mu","rural","No","No","No"
"sv0413911",2,"M","Se","urban","No","No","No"
"sv0016125",37,"M","Se","rural","No","No","No"
"sv0012891",46,"M","Mu","rural","No","No","No"
"sv0015826",27,"M","Mu","rural","No","No","No"
"sv0007059",48,"M","Mu","urban","No","No","No"
"sv0018140",23,"M","Mu","rural","No","No","Yes"
"sv0013480",38,"M","Mu","rural","No","No","No"
"sv0015355",26,"M","Mu","rural","Yes","No","No"
"sv0006934",33,"M","Mu","rural","Yes","No","No"
"sv0016430",48,"M","Mu","rural","No","No","No"
"sv0013920",48,"M","Mu","rural","Yes","Yes","No"
"sv0003795",45,"M","Mu","rural","Yes","No","No"
"sv0003755",20,"M","Mu","rural","Yes","No","No"
"sv0005357",15,"M","Ds","urban","No","No","No"
"sv0001315",24,"F","Se","urban","No","No","No"
"sv0006012",20,"M","Ds","urban","No","No","No"
"sv0006655",7,"M","Mu","urban","No","No","No"
"sv0017192",70,"M","Mu","rural","No","No","No"
"sv0006637",76,"M","Mu","rural","No","No","No"
"sv0014821",24,"F","Ds","urban","No","No","No"
"sv0018476",40,"M","Mu","rural","Yes","Yes","No"
"sv0005280",34,"M","Mu","urban","No","No","No"
"sv0005450",18,"M","Mu","rural","No","No","No"
"sv0008656",18,"F","Mu","rural","Yes","No","No"
"sv0018142",60,"M","Mu","rural","Yes","No","Yes"
"sv0001498",20,"M","Mu","urban","No","No","No"
"sv0005638",18,"M","Mu","rural","Yes","No","No"
"sv0014268",19,"F","Mu","rural","No","No","No"
"sv0004248",3,"M","Ds","urban","No","No","No"
"sv0015187",20,"M","Mu","rural","No","Yes","No"
"svv000195",40,"F","Mu","rural","Yes","No","No"
"sv0047529",29,"M","Se","urban","No","No","No"
"sv0004697",30,"F","Mu","rural","No","No","No"
"sv0001960",30,"F","To","rural","Yes","No","No"
"sv0005362",25,"M","To","rural","Yes","No","No"
"sv0006121",28,"M","Mu","rural","No","Yes","No"
"sv0018070",22,"M","DM","rural","No","No","No"
"sv0018267",15,"M","Mu","rural","No","No","No"
"sv0015980",17,"M","Se","urban","No","No","No"
"sv0001546",24,"F","Mu","urban","No","No","No"
"sv0014280",35,"M","Mu","rural","No","No","No"
"sv0013096",19,"M","Se","rural","No","No","No"
"sv0018592",17,"M","Ds","urban","No","No","No"
"sv0020373",42,"M","Mu","rural","No","Yes","No"
"sv0005937",28,"M","Mu","rural","Yes","No","No"
"sv0010565",38,"M","Mu","rural","No","No","No"
"sv0005316",15,"M","Se","rural","Yes","No","No"
"sv0007872",28,"M","Mu","urban","No","No","No"
"sv0014646",16,"F","Mu","rural","Yes","Yes","No"
"sv0009365",37,"M","Mu","rural","No","Yes","No"
"sv0013831",30,"M","DM","rural","No","No","Yes"
"sv0000115",45,"F","Se","rural","No","No","No"
"sv0008975",18,"M","Mu","rural","No","No","No"
"sv0015769",17,"M","Ds","urban","No","No","No"
"sv0418716",1,"M","HR","rural","No","No","No"
"sv0008762",45,"M","Mu","rural","No","Yes","No"
"sv0006052",23,"M","HR","urban","No","No","No"
"sv0017861",43,"M","Mu","rural","No","No","No"
"sv0006405",26,"M","Ds","urban","No","No","No"
"sv0013604",26,"M","Mu","rural","No","No","No"
"sv0017879",27,"M","Mu","rural","No","No","No"
"sv0005757",17,"M","Mu","urban","No","No","No"
"sv0008568",22,"M","Mu","rural","No","No","No"
"sv0010563",30,"M","Mu","rural","No","Yes","No"
"sv0001726",28,"M","Mu","rural","No","No","No"
"sv0013674",32,"M","Mu","rural","Yes","Yes","No"
"sv0013529",30,"M","Mu","urban","No","No","No"
"sv0000465",28,"F","Se","rural","No","No","No"
"sv0422229",25,"F","Se","rural","No","No","No"
"sv0047653",28,"M","Se","rural","No","No","No"
"sv0012203",46,"M","Mu","rural","No","No","No"
"sv0005502",18,"F","Se","rural","No","No","No"
"sv0017856",11,"F","Mu","urban","No","No","No"
"sv0010679",55,"M","Mu","rural","Yes","Yes","No"
"sv0015274",35,"M","Mu","rural","No","No","No"
"sv0005804",41,"M","Mu","urban","No","No","No"
"sv0016139",29,"M","Mu","","No","No","No"
"sv0008198",17,"M","Mu","rural","No","No","No"
"sv0008836",48,"M","Ds","urban","No","No","No"
"sv0010354",10,"M","Ds","urban","No","No","No"
"sv0010657",45,"M","Mu","rural","No","Yes","Yes"
"sv0000239",34,"M","Mu","rural","No","No","No"
"sv0008785",12,"F","Mu","rural","Yes","No","No"
"sv0010022",38,"M","Mu","urban","No","No","Yes"
"sv0013239",60,"M","Mu","rural","Yes","Yes","No"
"sv0009772",20,"F","Mu","rural","No","No","No"
"sv0008385",40,"M","Mu","rural","No","No","No"
"sv0006544",40,"M","Mu","rural","No","No","No"
"sv0015664",20,"M","Mu","rural","No","No","No"
"sv0001776",17,"M","Mu","rural","Yes","Yes","No"
"sv0014245",24,"M","Mu","urban","No","No","No"
"sv0008908",22,"M","Ds","rural","No","No","No"
"sv0003352",60,"F","Mu","rural","No","No","No"
"sv0006798",20,"M","DM","rural","No","No","No"
"sv0425374",28,"M","Se","urban","Yes","No","No"
"sv0007972",34,"M","Mu","urban","No","No","No"
"sv0015153",29,"M","Mu","urban","No","No","No"
"sv0002544",20,"M","To","rural","Yes","Yes","No"
"sv0050188",52,"M","Mu","rural","Yes","No","No"
"sv0010984",27,"M","Mu","rural","No","No","No"
"sv0004340",36,"M","Mu","rural","No","No","No"
"sv0003976",20,"F","Mu","rural","No","Yes","No"
"sv0014186",20,"M","Mu","rural","Yes","No","No"
"sv0009414",19,"F","Ds","urban","No","No","No"
"sv0002618",40,"F","Mu","rural","Yes","No","No"
"sv0002636",32,"M","Mu","rural","Yes","No","No"
"sv0002449",8,"M","HR","rural","No","No","No"
"sv0010589",36,"M","Mu","rural","No","No","No"
"sv0015666",6,"M","Mu","rural","Yes","No","No"
"sv0006858",20,"M","Ds","urban","No","No","No"
"sv0001688",28,"F","HR","urban","No","No","No"
"sv0001469",35,"M","Se","urban","No","No","No"
"sv0009891",20,"M","Se","rural","No","No","No"
"sv0015696",12,"M","Mu","rural","Yes","No","No"
"sv0010968",45,"M","Mu","rural","No","No","No"
"sv0012831",40,"M","Se","rural","No","No","No"
"sv0005639",22,"M","Mu","rural","Yes","No","No"
"sv0001785",26,"M","Mu","rural","No","No","No"
"sv0015082",43,"M","Mu","rural","Yes","No","No"
"sv0013300",28,"M","Se","rural","No","No","No"
"sv0008602",20,"M","Ds","urban","No","No","No"
"sv0015911",32,"F","Ds","urban","No","No","No"
"sv0011735",45,"M","Mu","rural","Yes","No","No"
"sv0009878",40,"M","Mu","rural","Yes","Yes","No"
"sv0014860",43,"M","Mu","rural","No","No","No"
"sv0009652",35,"M","Se","rural","No","No","No"
"sv0007855",23,"M","Mu","urban","No","No","No"
"sv0005724",34,"M","Ds","urban","No","No","No"
"sv0006759",28,"F","Mu","urban","No","No","No"
"sv0001280",23,"M","Se","rural","No","No","No"
"sv0009065",10,"M","Mu","rural","Yes","No","No"
"sv0014692",30,"M","Mu","urban","No","No","No"
"sv0018210",43,"M","Mu","urban","No","No","No"
"sv0007742",45,"M","Mu","rural","No","No","No"
"sv0009540",78,"F","Mu","rural","No","No","No"
"sv0012498",36,"M","Mu","rural","No","No","No"
"sv0011869",28,"M","To","urban","No","No","Yes"
"sv0050056",35,"M","To","rural","No","No","Yes"
"sv0011635",35,"M","Mu","rural","No","No","No"
"sv0010071",35,"M","Mu","rural","No","No","No"
"sv0017899",32,"M","Mu","urban","No","No","No"
"sv0017396",85,"M","Mu","rural","No","Yes","No"
"sv0016144",20,"M","Ds","urban","No","No","No"
"sv0013684",15,"M","Mu","rural","Yes","Yes","No"
"sv0017464",26,"M","Mu","urban","No","No","No"
"sv0413267",25,"F","Mu","urban","No","No","No"
"sv0009568",22,"M","Mu","rural","No","No","No"
"sv0016187",16,"M","Se","urban","No","No","No"
"sv0004150",29,"M","Se","rural","No","No","No"
"sv0010209",38,"M","Se","rural","No","No","No"
"sv0005812",31,"M","To","rural","Yes","No","No"
"sv0002891",35,"M","Mu","rural","No","No","No"
"sv0010899",54,"M","HR","urban","No","No","No"
"sv0424318",70,"M","Mu","rural","No","Yes","No"
"sv0014783",36,"F","Mu","urban","No","No","No"
"sv0000117",20,"M","Mu","rural","Yes","No","No"
"sv0002867",24,"M","Ds","urban","No","No","No"
"sv0008875",40,"M","Mu","rural","Yes","Yes","No"
"sv0008910",39,"M","Se","rural","No","No","No"
"sv0017867",26,"M","Mu","rural","No","No","No"
"sv0008416",20,"M","Se","rural","No","No","No"
"sv0003977",22,"M","Mu","rural","No","No","No"
"sv0013959",19,"F","Mu","rural","Yes","No","No"
"sv0012549",14,"M","Se","urban","No","No","No"
"sv0012893",42,"M","Mu","rural","No","No","No"
"sv0013795",45,"M","Mu","rural","No","No","No"
"sv0015825",15,"M","Ds","urban","No","No","No"
"sv0008024",17,"M","Se","urban","No","No","No"
"sv0018625",59,"M","Mu","urban","No","No","No"
"sv0005414",14,"M","Ds","urban","No","No","No"
"sv0005190",23,"M","Mu","rural","Yes","Yes","No"
"sv0018099",26,"M","Mu","rural","No","No","No"
"sv0009971",16,"M","Mu","rural","No","No","Yes"
"sv0005600",20,"F","Ds","urban","No","No","No"
"sv0004694",22,"M","Mu","rural","No","Yes","No"
"sv0002358",36,"M","Mu","rural","No","No","No"
"sv0009541",44,"M","Ds","urban","No","No","No"
"sv0016309",38,"M","Mu","urban","No","No","No"
"sv0016757",9,"M","Mu","rural","Yes","No","No"
"sv0007275",30,"M","Se","rural","No","No","No"
"sv0017497",19,"M","To","rural","No","Yes","No"
"sv0004561",35,"M","Mu","urban","No","No","No"
"sv0000311",27,"M","Mu","rural","Yes","Yes","No"
"sv0417312",23,"M","Mu","rural","No","No","No"
"sv0000975",45,"M","Mu","rural","No","No","No"
"sv0004772",30,"M","Mu","rural","No","Yes","No"
"sv0000956",15,"M","To","rural","Yes","Yes","No"
"sv0013781",23,"M","Mu","rural","No","No","No"
"sv0005813",38,"M","Se","urban","No","No","No"
"sv0011049",22,"M","Ds","rural","No","No","No"
"sv0016008",26,"F","Mu","rural","No","No","No"
"sv0050186",29,"M","Mu","rural","No","No","No"
"sv0018629",17,"M","Mu","rural","No","No","Yes"
"sv0013644",19,"M","Se","rural","No","Yes","No"
"sv0005800",39,"M","Mu","rural","No","No","No"
"sv0009298",3,"F","Mu","rural","No","No","No"
"sv0002710",49,"M","Se","urban","No","No","No"
"sv0016251",12,"M","Ds","urban","No","No","No"
"sv0014138",9,"M","Mu","rural","Yes","No","No"
"sv0003886",32,"M","Mu","rural","No","No","No"
"sv0425595",31,"M","Mu","rural","No","No","No"
"sv0015271",23,"M","Se","rural","No","No","No"
"sv0002173",4,"M","Mu","rural","Yes","No","No"
"sv0010188",30,"M","Mu","rural","No","No","No"
"sv0000825",18,"M","Mu","rural","No","No","No"
"sv0008863",24,"M","Mu","rural","Yes","Yes","No"
"sv0003935",17,"F","Mu","rural","Yes","No","No"
"sv0008232",61,"M","DM","rural","No","No","No"
"sv0002960",25,"M","Mu","urban","No","No","No"
"sv0003290",19,"M","Se","rural","No","No","No"
"sv0410230",29,"M","Ds","rural","No","No","No"
"sv0017901",44,"M","Mu","rural","Yes","No","No"
"sv0010299",23,"F","To","rural","No","Yes","No"
"sv0016715",21,"M","Mu","urban","No","No","No"
"sv0002277",15,"M","Mu","rural","Yes","No","No"
"sv0008150",20,"M","Mu","rural","No","No","No"
"sv0009195",18,"M","Ds","rural","No","No","No"
"sv0000309",11,"M","To","rural","Yes","Yes","No"
"sv0014484",18,"F","To","rural","Yes","No","No"
"sv0000545",48,"M","To","rural","Yes","No","No"
"sv0001947",17,"M","Mu","rural","Yes","No","No"
"sv0016842",35,"M","Se","rural","No","No","No"
"sv0013658",32,"M","Mu","rural","Yes","No","No"
"sv0005525",30,"M","Mu","rural","No","Yes","No"
"sv0018132",29,"M","Mu","rural","No","No","No"
"sv0018199",16,"M","Ds","rural","No","No","No"
"sv0000346",47,"M","Ds","rural","No","No","No"
"sv0010633",31,"M","Mu","rural","No","No","No"
"sv0013645",30,"M","Mu","rural","Yes","No","No"
"sv0018128",45,"M","Ds","rural","No","No","No"
"sv0009013",11,"F","Se","urban","No","No","No"
"sv0004491",24,"M","Mu","rural","No","No","No"
"sv0004594",20,"M","Se","rural","Yes","No","No"
"sv0001728",27,"M","Se","urban","No","No","No"
"sv0009337",41,"M","Mu","rural","Yes","No","No"
"sv0000289",24,"M","Mu","rural","Yes","No","No"
"sv0014769",40,"F","Mu","rural","Yes","No","No"
"sv0013254",30,"M","Mu","rural","Yes","No","No"
"sv0012000",35,"M","Mu","rural","No","No","No"
"sv0002365",35,"M","Mu","rural","Yes","Yes","No"
"sv0002304",24,"M","Se","rural","No","No","No"
"sv0006475",38,"M","Mu","rural","No","No","No"
"sv0017089",14,"M","Mu","rural","Yes","No","No"
"sv0006328",54,"M","Se","rural","No","No","No"
"sv0007030",35,"M","Mu","rural","No","No","No"
"sv0003564",42,"F","Mu","rural","Yes","No","No"
"sv0005513",24,"M","Ds","rural","No","No","No"
"sv0006022",47,"F","Mu","rural","Yes","No","No"
"sv0002323",19,"M","Mu","urban","No","No","No"
"sv0012256",28,"M","Mu","urban","No","No","Yes"
"sv0014232",80,"M","Mu","rural","No","No","No"
"sv0007080",34,"M","Mu","rural","No","No","No"
"sv0014833",25,"M","Mu","urban","No","No","No"
"sv0007848",40,"M","Se","urban","No","No","No"
"sv0000178",39,"M","Mu","rural","Yes","No","No"
"sv0007027",44,"F","Mu","urban","No","No","No"
"sv0003422",22,"M","Mu","urban","No","No","No"
"sv0011316",70,"M","Mu","rural","No","No","No"
"sv0000215",16,"F","HR","rural","No","No","No"
"sv0015009",46,"M","Se","rural","No","Yes","No"
"sv0006708",52,"M","Mu","rural","No","No","No"
"sv0012709",28,"M","Mu","urban","No","No","No"
"sv0008376",35,"F","Mu","rural","No","No","No"
"sv0016044",44,"M","Mu","urban","No","No","No"
"sv0009501",17,"M","Ds","urban","No","No","No"
"sv0012490",23,"M","Se","urban","No","Yes","No"
"sv0008083",17,"M","Se","urban","No","No","No"
"sv0006733",36,"M","Se","rural","No","No","No"
"sv0014398",26,"M","Se","rural","No","No","No"
"sv0016550",13,"F","Mu","rural","Yes","No","No"
"sv0006000",28,"M","Mu","rural","No","No","Yes"
"sv0000926",46,"M","Se","rural","No","No","No"
"sv0017296",17,"F","Ds","urban","No","No","No"
"sv0001160",38,"M","Mu","urban","No","No","No"
"sv0004194",14,"F","Ds","urban","No","No","No"
"sv0005953",35,"M","Mu","rural","No","No","No"
"sv0010866",58,"M","Ds","rural","No","No","No"
"sv0007073",26,"M","Mu","urban","No","No","No"
"sv0012819",73,"M","DM","urban","No","No","No"
"sv0014853",48,"M","Mu","rural","No","No","No"
"sv0010918",25,"M","Mu","rural","Yes","No","No"
"sv0018146",22,"M","Mu","rural","No","No","No"
"sv0000544",25,"M","Ds","urban","No","No","No"
"sv0008912",36,"M","Se","rural","No","No","No"
"sv0017443",47,"F","Mu","rural","Yes","Yes","No"
"sv0003708",40,"M","Mu","rural","Yes","No","No"
"sv0018141",41,"M","Ds","rural","No","No","No"
"sv0015949",42,"M","Mu","rural","No","No","No"
"sv0015668",10,"M","Mu","rural","Yes","No","No"
"sv0000106",19,"M","Mu","rural","No","No","No"
"sv0001774",25,"F","Mu","rural","No","No","No"
"sv0003721",36,"M","Se","rural","No","No","No"
"sv0007994",40,"M","DM","rural","No","No","No"
"sv0003325",50,"M","Mu","rural","Yes","No","No"
"sv0002253",55,"M","Mu","rural","No","No","No"
"sv0011673",23,"M","Mu","urban","No","No","No"
"sv0015863",1,"M","Ds","urban","No","No","No"
"sv0013168",30,"M","Mu","urban","No","No","No"
"sv0006506",34,"F","Mu","rural","No","No","No"
"sv0012429",64,"F","Mu","rural","No","No","No"
"sv0006902",56,"M","Mu","urban","No","No","No"
"svv000077",33,"M","Mu","rural","No","No","No"
"sv0014326",35,"M","Se","rural","Yes","No","No"
"sv0005478",45,"M","Mu","rural","No","No","No"
"sv0005100",2,"M","DM","urban","No","No","No"
"sv0014923",36,"M","Se","rural","No","No","No"
"sv0000013",35,"M","Mu","rural","Yes","No","Yes"
"sv0009906",22,"F","Mu","rural","Yes","Yes","No"
"sv0005857",35,"M","Se","rural","No","No","No"
"sv0007788",37,"M","Mu","rural","Yes","No","No"
"sv0001295",33,"M","DM","rural","No","No","No"
"sv0020335",16,"M","Se","rural","No","No","No"
"sv0005637",83,"M","Mu","rural","Yes","No","No"
"sv0012450",42,"M","Ds","rural","No","No","No"
"sv0004766",21,"M","Mu","rural","No","No","Yes"
"sv0005067",25,"F","Mu","rural","Yes","No","No"
"sv0011701",25,"M","Mu","rural","No","No","No"
"sv0000335",45,"M","Se","rural","No","No","No"
"sv0002530",55,"M","Mu","rural","Yes","No","No"
"sv0013698",31,"M","Se","rural","No","No","No"
"sv0016917",14,"M","Ds","urban","No","No","No"
"sv0003794",26,"M","Mu","urban","No","No","No"
"sv0017579",16,"F","Ds","urban","No","No","No"
"sv0001680",45,"M","Se","rural","Yes","No","No"
"svv000013",9,"F","Mu","rural","Yes","Yes","No"
"sv0010450",30,"M","Se","rural","No","No","No"
"sv0000558",45,"M","Mu","rural","No","No","Yes"
"sv0011050",39,"M","Mu","rural","No","No","No"
"sv0005076",17,"M","Mu","rural","No","No","No"
"sv0008043",29,"M","Mu","urban","No","No","No"
"sv0013066",31,"M","Mu","rural","Yes","No","No"
"sv0000810",40,"M","Mu","urban","No","No","No"
"sv0050074",24,"M","Mu","rural","No","No","No"
"sv0013015",50,"M","Mu","rural","No","No","No"
"sv0004104",16,"M","Ds","rural","No","No","No"
"sv0007842",63,"F","Se","rural","No","No","No"
"sv0003623",8,"M","Mu","rural","No","No","No"
"sv0016263",25,"M","Ds","urban","No","No","No"
"sv0003309",35,"M","Mu","rural","No","No","No"
"sv0015847",26,"M","Se","rural","No","Yes","No"
"sv0007112",45,"M","Mu","rural","No","Yes","No"
"sv0003214",40,"M","Mu","rural","No","Yes","No"
"sv0017029",40,"M","Mu","rural","No","No","Yes"
"sv0012380",55,"M","Mu","rural","Yes","No","No"
"sv0017366",17,"M","Mu","rural","No","Yes","No"
"sv0011580",32,"F","Mu","rural","Yes","No","No"
"sv0010833",22,"M","Mu","urban","No","No","No"
"sv0016627",39,"M","Se","urban","No","No","No"
"sv0009696",41,"M","Se","rural","No","No","No"
"sv0013501",25,"M","Mu","rural","No","No","No"
"svv000175",15,"M","Mu","rural","No","No","No"
"sv0001835",7,"F","Mu","rural","No","No","No"
"sv0014342",18,"M","Mu","rural","Yes","Yes","No"
"sv0001645",44,"M","Mu","rural","Yes","No","No"
"sv0002906",61,"M","Ds","rural","No","No","No"
"sv0008341",14,"M","Mu","rural","No","No","No"
"sv0421818",39,"M","Se","rural","No","No","No"
"sv0017875",31,"M","Mu","rural","No","No","No"
"svv000246",56,"M","Mu","rural","No","No","No"
"sv0009160",55,"M","Mu","rural","Yes","Yes","No"
"svv000073",25,"M","Mu","rural","Yes","No","No"
"sv0009510",7,"F","To","rural","Yes","No","No"
"sv0015024",30,"M","Se","urban","No","No","No"
"sv0000054",33,"M","Mu","rural","No","No","No"
"sv0012659",15,"M","Ds","urban","No","No","No"
"sv0001332",18,"F","Se","rural","Yes","No","No"
"sv0012861",24,"M","Se","urban","No","No","No"
"sv0015834",43,"M","Mu","rural","No","No","Yes"
"sv0014641",42,"M","To","rural","Yes","No","No"
"sv0013841",20,"F","Mu","rural","No","No","No"
"sv0001714",32,"M","Mu","rural","No","No","No"
"sv0004445",60,"M","Mu","urban","No","No","No"
"sv0005725",14,"M","Se","rural","No","No","No"
"sv0017557",50,"M","Mu","rural","Yes","No","No"
"sv0005647",32,"M","Se","rural","No","No","No"
"sv0015310",36,"M","Se","rural","No","No","No"
"sv0014414",44,"M","Mu","rural","Yes","No","No"
"sv0001166",30,"M","Se","rural","No","No","No"
"sv0017596",31,"M","Mu","urban","No","No","No"
"sv0000397",45,"M","Mu","rural","Yes","No","No"
"sv0007912",44,"M","Mu","rural","No","No","No"
"sv0004127",25,"M","Mu","rural","No","No","No"
"sv0015178",28,"M","Mu","rural","No","No","No"
"sv0016249",35,"M","Mu","urban","No","No","No"
"sv0007955",70,"M","Mu","rural","Yes","Yes","No"
"sv0014961",40,"M","Se","rural","No","No","No"
"sv0017200",45,"M","Mu","rural","Yes","No","No"
"svv000033",40,"M","Mu","rural","No","No","No"
"sv0016700",50,"M","Ds","rural","No","No","No"
"sv0017920",28,"M","DM","rural","No","No","No"
"sv0009012",40,"M","Mu","rural","Yes","Yes","No"
"sv0017162",22,"F","Se","urban","No","No","No"
"sv0004134",3,"M","Mu","rural","Yes","Yes","No"
"sv0013764",14,"M","Ds","urban","No","No","No"
"sv0017094",28,"F","Mu","rural","No","No","No"
"sv0004685",75,"F","Mu","rural","No","Yes","No"
"sv0016415",35,"M","Mu","rural","Yes","No","No"
"sv0000597",32,"M","Mu","rural","Yes","No","No"
"sv0004667",30,"M","Mu","rural","Yes","No","No"
"sv0009881",50,"M","Mu","rural","No","Yes","No"
"sv0015194",22,"M","Mu","rural","No","No","No"
"sv0018386",20,"M","Mu","rural","No","No","No"
"sv0012114",28,"M","Mu","urban","No","No","No"
"sv0002841",45,"M","Mu","rural","No","No","Yes"
"sv0009829",35,"M","Se","rural","No","No","No"
"sv0011787",25,"M","Mu","urban","No","No","No"
"sv0015651",22,"M","To","rural","Yes","No","No"
"sv0003298",13,"F","Ds","urban","No","No","No"
"sv0000492",25,"F","Mu","urban","No","No","No"
"sv0013873",23,"M","Mu","urban","No","No","No"
"svv000030",20,"F","Mu","rural","Yes","No","No"
"sv0008849",4,"F","Mu","rural","Yes","Yes","No"
"sv0415929",37,"M","Se","rural","No","No","No"
"svv000072",52,"M","Mu","rural","Yes","No","No"
"sv0014190",75,"F","Mu","rural","No","Yes","No"
"sv0007504",19,"M","Se","urban","No","No","No"
"sv0015534",70,"F","To","rural","No","No","No"
"sv0011155",34,"M","Mu","rural","No","No","Yes"
"sv0008208",65,"M","Mu","rural","No","No","No"
"svv000253",29,"F","Mu","rural","No","No","No"
"sv0013194",15,"M","Ds","urban","No","No","No"
"sv0422381",38,"M","Se","rural","Yes","No","No"
"sv0011490",19,"F","Mu","rural","No","No","No"
"sv0011991",17,"F","Ds","urban","No","No","No"
"svv000166",11,"M","Mu","rural","No","No","No"
"sv0010791",40,"M","Ds","rural","No","No","No"
"sv0016617",24,"F","Mu","rural","No","No","No"
"sv0010993",26,"M","Se","urban","No","No","No"
"sv0004244",17,"M","Ds","rural","No","No","No"
"sv0007670",17,"M","Mu","rural","No","No","No"
"sv0018309",34,"M","Mu","rural","Yes","No","No"
"sv0002086",30,"M","Mu","rural","No","No","No"
"sv0006478",35,"M","Mu","rural","No","No","No"
"sv0007391",33,"M","Mu","rural","No","No","No"
"sv0009930",22,"M","Mu","rural","No","No","No"
"sv0006137",37,"M","Mu","rural","Yes","Yes","No"
"sv0002263",65,"F","Mu","rural","Yes","No","No"
"sv0013122",48,"M","Mu","rural","No","No","No"
"sv0009271",55,"F","HR","rural","No","No","No"
"sv0000039",22,"M","HR","urban","No","No","No"
"sv0014619",32,"M","Ds","rural","No","No","No"
"sv0008397",11,"F","Se","urban","No","No","No"
"sv0010136",34,"M","Mu","rural","No","No","No"
"sv0000128",20,"M","Mu","rural","Yes","No","No"
"sv0005226",66,"M","Mu","rural","No","No","No"
"sv0015745",8,"M","To","rural","No","No","No"
"sv0004476",45,"M","Mu","rural","No","No","No"
"sv0004725",31,"M","HR","urban","No","No","No"
"sv0004093",30,"F","Mu","rural","No","Yes","No"
"sv0006576",30,"M","Mu","rural","No","No","No"
"sv0008182",23,"M","Mu","urban","No","No","Yes"
"sv0016040",27,"M","Mu","urban","No","No","No"
"sv0016106",50,"M","Mu","rural","Yes","No","No"
"sv0009633",20,"M","Mu","urban","No","No","No"
"sv0013034",25,"M","Mu","rural","No","No","No"
"sv0004456",25,"M","DM","rural","No","No","No"
"sv0004507",41,"M","Mu","urban","No","No","No"
"sv0005448",40,"F","Mu","rural","No","No","No"
"sv0013908",33,"M","Se","rural","Yes","No","No"
"sv0015343",10,"M","Mu","rural","Yes","No","No"
"sv0013832",26,"M","Mu","rural","No","No","No"
"sv0008039",25,"M","Mu","rural","Yes","No","No"
"sv0018050",10,"F","Mu","rural","Yes","No","No"
"sv0003845",23,"M","Se","rural","No","No","No"
"sv0412444",21,"M","Ds","rural","No","No","No"
"sv0005078",22,"M","To","rural","No","No","No"
"sv0008677",28,"M","Mu","rural","Yes","No","No"
"sv0014538",41,"M","Mu","rural","Yes","Yes","Yes"
"sv0006208",19,"F","Ds","urban","No","No","No"
"sv0014084",17,"M","Mu","rural","Yes","No","No"
"svv000256",35,"M","Mu","rural","Yes","No","No"
"sv0015214",21,"M","Mu","rural","No","No","No"
"sv0016638",14,"M","Mu","rural","Yes","No","Yes"
"sv0008137",35,"M","Mu","rural","No","No","No"
"sv0004455",29,"M","Se","urban","No","No","No"
"sv0013583",28,"M","Se","urban","No","No","No"
"sv0007724",60,"M","Mu","rural","No","No","No"
"sv0013994",50,"M","To","rural","Yes","No","No"
"sv0020251",42,"M","Mu","rural","Yes","Yes","No"
"sv0013668",40,"M","Se","rural","No","No","No"
"sv0410634",25,"M","Ds","rural","No","No","No"
"sv0010748",35,"M","Mu","rural","No","No","No"
"sv0001749",30,"M","Mu","rural","No","No","No"
"sv0423722",8,"M","Mu","rural","Yes","No","No"
"sv0008830",38,"M","Mu","rural","Yes","No","No"
"sv0007053",36,"M","Mu","rural","No","No","No"
"sv0013682",39,"M","Mu","rural","No","No","No"
"sv0016336",44,"M","Mu","rural","No","Yes","No"
"sv0419363",50,"M","Mu","rural","Yes","No","No"
"sv0007269",23,"M","Mu","rural","No","No","No"
"sv0008439",41,"M","Mu","rural","No","No","No"
"sv0002005",23,"M","Mu","urban","No","No","No"
"sv0014164",27,"M","Mu","urban","No","No","No"
"sv0001196",30,"M","Mu","urban","No","No","No"
"sv0009782",47,"F","Mu","rural","Yes","No","No"
"sv0011093",56,"M","Mu","rural","Yes","No","No"
"sv0011741",15,"M","Mu","rural","Yes","Yes","No"
"sv0001521",45,"M","Mu","rural","Yes","Yes","No"
"sv0003649",40,"M","Se","rural","No","No","No"
"sv0414605",20,"M","Mu","rural","Yes","No","No"
"sv0014237",35,"M","Mu","rural","No","No","No"
"sv0008699",28,"M","Se","urban","No","No","No"
"sv0005189",56,"M","Se","rural","No","No","No"
"sv0012680",65,"M","Mu","urban","No","No","No"
"sv0013149",21,"M","Mu","rural","No","No","No"
"sv0010223",42,"M","Ds","urban","No","No","No"
"sv0008069",52,"M","Mu","rural","No","No","No"
"sv0015965",33,"M","Se","rural","No","No","No"
"sv0014336",43,"M","Mu","rural","No","No","No"
"sv0006856",35,"M","Ds","rural","No","No","No"
"sv0003261",1,"M","Mu","rural","Yes","Yes","No"
"sv0003538",32,"M","Mu","rural","No","No","No"
"sv0008673",25,"M","Mu","rural","Yes","No","No"
"sv0016985",28,"M","DM","urban","No","No","No"
"sv0007186",26,"M","Mu","rural","No","No","No"
"sv0009958",50,"M","Mu","rural","Yes","No","No"
"sv0009473",76,"M","Mu","rural","No","No","No"
"sv0017518",35,"M","Mu","rural","No","No","No"
"sv0002316",32,"M","Mu","rural","No","No","No"
"sv0004745",33,"M","Se","rural","No","No","No"
"sv0011051",30,"M","Mu","rural","No","No","No"
"sv0007838",18,"M","Mu","rural","No","No","No"
"sv0007232",34,"M","Ds","urban","No","No","No"
"svp011568",22,"M","Mu","urban","Yes","No","No"
"sv0010159",26,"M","Mu","rural","No","No","No"
"sv0003039",60,"M","Mu","rural","No","No","No"
"sv0014874",26,"M","Se","rural","No","No","No"
"sv0005503",22,"M","Se","urban","Yes","No","No"
"svv000102",43,"M","Mu","urban","No","No","No"
"sv0009314",30,"M","Mu","rural","Yes","Yes","Yes"
"sv0002563",25,"M","Se","rural","No","No","No"
"sv0011675",18,"M","Mu","rural","No","No","No"
"sv0017070",35,"M","To","rural","Yes","No","No"
"sv0008272",37,"M","Mu","rural","No","No","No"
"sv0001194",36,"M","Ds","rural","No","No","No"
"sv0005840",44,"F","Mu","rural","No","No","No"
"sv0016473",43,"M","Mu","urban","No","No","No"
"sv0000843",17,"M","Se","rural","No","No","No"
"sv0005311",35,"M","Mu","rural","Yes","No","No"
"sv0013968",40,"M","Mu","rural","No","No","No"
"sv0008906",35,"M","Mu","urban","No","No","No"
"sv0000533",15,"M","Se","urban","Yes","No","No"
"sv0001476",32,"M","Mu","rural","No","No","No"
"sv0013345",31,"M","Mu","rural","No","No","No"
"svv000094",20,"F","Mu","rural","Yes","No","No"
"sv0010747",45,"M","Mu","rural","No","No","No"
"sv0011628",35,"M","Mu","rural","Yes","No","No"
"sv0008871",5,"M","Mu","rural","Yes","Yes","No"
"sv0009086",25,"M","Mu","urban","No","No","No"
"sv0001529",70,"M","Mu","rural","Yes","Yes","No"
"sv0016482",32,"M","Ds","rural","No","No","No"
"sv0007286",41,"M","Ds","urban","No","No","No"
"sv0015075",48,"M","Mu","rural","No","No","No"
"sv0004374",44,"M","Se","rural","Yes","No","No"
"sv0018158",57,"M","Mu","rural","Yes","No","No"
"sv0014512",33,"F","Mu","urban","No","No","No"
"sv0018366",40,"M","Mu","rural","No","No","No"
"sv0006323",55,"F","Mu","rural","No","Yes","No"
"svv000120",18,"F","Mu","rural","No","No","No"
"sv0008132",45,"M","To","rural","Yes","No","No"
"sv0004678",21,"M","Mu","rural","Yes","No","No"
"sv0006780",40,"M","Mu","rural","No","No","No"
"sv0008910",39,"M","Mu","rural","No","No","No"
"sv0008253",21,"M","Mu","rural","No","Yes","No"
"sv0014118",32,"M","Mu","rural","Yes","No","Yes"
"sv0008258",60,"M","Mu","rural","No","No","No"
"sv0011237",27,"M","Mu","rural","No","No","No"
"sv0014343",18,"M","Mu","rural","No","No","No"
"sv0004384",26,"F","Mu","rural","Yes","No","No"
"sv0017751",35,"F","Mu","rural","Yes","No","No"
"sv0020380",55,"F","Mu","rural","No","No","No"
"sv0009778",38,"M","Mu","rural","Yes","No","No"
"sv0006428",30,"M","Mu","rural","No","No","No"
"sv0018348",14,"M","Mu","rural","Yes","No","No"
"sv0014389",36,"M","Se","rural","Yes","Yes","No"
"sv0015246",65,"M","Mu","rural","No","No","No"
"sv0001420",40,"M","Mu","rural","No","Yes","No"
"sv0010099",16,"M","Mu","rural","No","No","No"
"sv0020353",25,"M","Mu","rural","No","No","No"
"sv0004021",24,"M","Mu","rural","Yes","No","No"
"sv0008168",39,"M","Mu","rural","No","No","No"
"sv0001324",52,"M","Mu","rural","Yes","No","No"
"sv0003926",28,"M","Ds","rural","No","No","No"
"sv0005610",45,"M","Mu","rural","No","No","No"
"sv0003697",8,"F","Se","rural","No","No","No"
"sv0002104",17,"M","Ds","urban","No","No","No"
"sv0005976",35,"F","Mu","urban","No","No","No"
"sv0007556",40,"M","Mu","urban","No","No","No"
"sv0004261",25,"M","Mu","","No","No","No"
"sv0009428",30,"M","Mu","rural","No","Yes","No"
"sv0015590",60,"F","Mu","rural","Yes","No","No"
"sv0005093",28,"M","Mu","urban","No","No","No"
"sv0011142",27,"F","HR","rural","No","No","No"
"sv0003475",60,"M","Se","urban","No","No","No"
"sv0014477",16,"M","Mu","rural","No","No","No"
"sv0018088",36,"M","Mu","rural","No","No","No"
"sv0011586",33,"M","Ds","urban","No","No","No"
"sv0002973",48,"M","Mu","urban","No","No","No"
"sv0001341",18,"M","DM","rural","No","No","No"
"sv0005923",40,"M","Mu","rural","No","No","No"
"sv0046894",24,"M","Ds","urban","No","No","No"
"sv0008471",16,"M","Ds","urban","No","No","No"
"sv0012693",26,"M","Mu","rural","Yes","No","No"
"sv0014740",31,"M","Mu","urban","No","No","No"
"sv0008016",11,"M","Mu","rural","No","No","No"
"sv0014750",30,"M","Mu","rural","Yes","No","No"
"sv0003479",50,"M","Se","rural","No","No","No"
"sv0009069",30,"M","Mu","rural","No","No","No"
"svv000169",8,"M","Mu","rural","No","No","No"
"sv0016466",20,"M","Ds","urban","No","No","No"
"sv0012968",35,"M","Mu","rural","No","No","No"
"sv0012758",20,"M","Se","rural","No","No","No"
"sv0001358",21,"M","DM","rural","No","No","No"
"sv0017062",19,"M","Mu","rural","No","No","No"
"sv0000814",32,"M","Se","urban","No","No","Yes"
"sv9905662",45,"F","Mu","rural","No","Yes","No"
"sv0016562",35,"F","Se","rural","No","No","No"
"sv0012403",20,"M","Mu","rural","No","No","No"
"sv0017736",19,"M","Mu","urban","No","No","No"
"sv0008073",38,"M","Mu","urban","No","No","No"
"sv0011129",45,"M","To","rural","No","Yes","No"
"sv0001846",28,"M","Se","urban","No","No","No"
"sv0004398",56,"M","Mu","rural","No","No","No"
"sv0007313",35,"M","DM","rural","No","No","Yes"
"sv0005222",48,"M","Mu","urban","No","No","No"
"sv0013294",35,"M","Mu","urban","No","No","No"
"sv0016523",46,"M","Mu","rural","No","No","No"
"sv0014734",74,"M","Mu","rural","No","No","No"
"sv0009879",12,"F","To","rural","No","Yes","No"
"sv0011828",36,"F","Mu","rural","Yes","No","No"
"sv0018346",15,"M","Mu","rural","Yes","No","No"
"sv0000097",18,"M","Mu","rural","No","No","No"
"sv0002662",53,"M","Mu","rural","Yes","No","No"
"sv0012330",24,"M","Mu","urban","No","No","No"
"sv0011217",37,"M","Mu","urban","No","No","No"
"sv0004707",25,"M","Mu","rural","No","No","No"
"sv0016618",20,"M","To","rural","No","Yes","No"
"sv0003738",22,"M","Se","urban","No","No","No"
"sv0017476",9,"M","Mu","rural","Yes","No","No"
"sv0016551",15,"F","Mu","rural","Yes","No","No"
"sv0004299",60,"F","Mu","rural","Yes","No","No"
"sv0013707",31,"M","Mu","urban","No","No","No"
"sv0012933",26,"M","Mu","rural","Yes","No","No"
"sv0011302",38,"M","Mu","rural","Yes","No","No"
"sv0003855",4,"M","Mu","rural","Yes","No","No"
"sv0004485",17,"M","Mu","urban","No","No","No"
"sv0004106",13,"F","Se","rural","Yes","No","No"
"sv0005269",52,"M","Mu","rural","No","Yes","No"
"sv0017525",25,"M","Se","rural","No","Yes","No"
"sv0001253",42,"M","Mu","rural","No","No","No"
"sv0015699",12,"M","Mu","rural","Yes","Yes","No"
"sv0012887",28,"M","Mu","rural","Yes","No","No"
"sv0001632",40,"M","Se","urban","No","No","No"
"sv0001666",45,"M","Mu","rural","No","No","No"
"sv0017340",29,"M","Mu","rural","Yes","No","No"
"sv0014326",35,"M","DM","rural","Yes","No","No"
"sv0003045",48,"M","Ds","urban","No","No","No"
"sv0018618",21,"M","Mu","urban","No","No","No"
"sv0006793",46,"M","HR","urban","No","No","No"
"sv0006026",18,"F","Se","urban","No","No","No"
"sv0015029",50,"M","Mu","rural","Yes","Yes","No"
"sv0000338",40,"M","Ds","urban","No","No","No"
"sv0014806",28,"M","Mu","rural","Yes","No","No"
"sv0013492",45,"M","Mu","rural","No","No","No"
"sv0003599",22,"M","Mu","urban","No","No","No"
"sv0014085",58,"M","Mu","rural","No","No","No"
"sv0006713",21,"M","Mu","rural","No","Yes","No"
"sv0011736",14,"F","Mu","rural","Yes","Yes","No"
"sv0008393",25,"M","Mu","rural","Yes","No","No"
"sv0008465",43,"M","Mu","urban","No","No","No"
"sv0007318",21,"M","Mu","rural","No","No","No"
"sv0002376",33,"M","DM","urban","No","No","No"
"sv0010194",33,"M","Se","rural","No","No","No"
"sv0001635",38,"M","Mu","rural","No","No","No"
"sv0050129",21,"M","Se","rural","No","No","No"
"sv0012147",23,"M","Se","rural","No","No","No"
"sv0003792",48,"M","Mu","rural","Yes","No","No"
"sv0000588",21,"M","Mu","rural","Yes","No","No"
"sv0007558",20,"M","Mu","urban","No","No","No"
"sv0009118",34,"M","Se","rural","No","No","No"
"sv0002939",40,"M","Se","rural","No","No","No"
"sv0018257",13,"F","Mu","rural","Yes","No","No"
"sv0008538",58,"M","Mu","rural","No","No","No"
"sv0018258",20,"M","Mu","rural","No","No","No"
"sv0013411",1,"F","Mu","rural","Yes","No","No"
"svv000121",50,"M","Mu","rural","Yes","No","No"
"sv0006305",13,"M","Mu","rural","No","No","No"
"sv0003931",26,"M","Se","rural","No","No","No"
"sv0006988",18,"M","Mu","rural","No","No","No"
"sv0003841",70,"M","Se","rural","Yes","No","No"
"svv000110",6,"F","Mu","rural","Yes","No","No"
"sv0008008",14,"M","Mu","rural","No","No","No"
"sv0015935",22,"M","Mu","rural","No","No","No"
"sv0017353",4,"M","Se","urban","No","No","No"
"sv0009611",31,"M","Ds","urban","No","No","No"
"sv0009340",65,"M","Mu","rural","No","No","No"
"sv0000324",17,"M","Mu","rural","Yes","No","No"
"sv0009738",13,"M","Ds","urban","No","No","No"
"sv0016283",11,"F","Ds","urban","No","No","No"
"sv0000323",2,"F","Mu","rural","Yes","No","No"
"sv0002421",21,"M","Se","urban","No","No","No"
"sv0011836",30,"F","Mu","rural","Yes","No","No"
"sv0008566",30,"M","Mu","rural","No","No","No"
"sv0010666",83,"M","Ds","urban","No","No","No"
"sv0048370",19,"M","Mu","rural","No","No","No"
"sv0001651",22,"M","DM","rural","No","No","No"
"sv0007968",28,"M","Ds","urban","No","No","No"
"sv0006288",33,"M","Mu","rural","No","No","No"
"sv0015760",45,"M","Mu","rural","No","No","No"
"sv0016258",50,"M","Mu","rural","Yes","Yes","No"
"sv0011293",12,"M","Mu","rural","Yes","No","No"
"sv0008088",5,"F","HR","rural","No","No","No"
"sv0001560",17,"M","Se","rural","No","No","No"
"sv0007087",16,"M","Se","rural","Yes","No","No"
"sv0012880",35,"M","Mu","rural","No","No","No"
"sv0005441",25,"F","Mu","rural","No","No","No"
"sv0015683",50,"M","Mu","rural","No","No","No"
"sv0018445",23,"M","Ds","urban","No","No","No"
"sv0003065",20,"M","Mu","rural","No","No","No"
"sv0428434",11,"M","Ds","urban","No","No","No"
"sv0015902",20,"M","Mu","rural","Yes","No","No"
"sv0009771",45,"M","Mu","rural","Yes","No","No"
"sv0012154",28,"M","Mu","rural","Yes","No","No"
"sv0001439",27,"M","Se","rural","No","No","No"
"sv0018506",36,"M","Mu","rural","Yes","Yes","Yes"
"sv0006080",48,"M","Mu","rural","No","No","No"
"sv0050154",18,"M","Se","rural","No","No","Yes"
"sv0004956",38,"M","Mu","rural","No","No","No"
"sv0006616",23,"M","Se","urban","No","No","No"
"sv0018139",21,"M","To","rural","No","No","Yes"
"sv0014097",18,"F","Ds","urban","No","No","No"
"sv0003621",22,"M","Mu","rural","No","No","No"
"sv0010266",30,"M","Mu","rural","No","Yes","No"
"sv0014777",19,"M","HR","urban","No","No","No"
"sv0001926",50,"F","Mu","rural","Yes","No","No"
"svv000053",18,"F","Mu","rural","Yes","No","No"
"sv0004268",40,"M","Mu","rural","No","No","No"
"sv0009536",36,"M","Mu","rural","No","No","No"
"sv0410303",23,"M","Ds","rural","No","No","No"
"sv0000242",22,"F","Se","rural","No","No","No"
"sv0004581",18,"M","Mu","rural","Yes","No","No"
"sv0020305",28,"M","Mu","rural","No","No","No"
"sv0005366",18,"F","Mu","rural","No","No","No"
"sv0002600",55,"M","Mu","rural","No","No","No"
"sv0006985",17,"M","Mu","rural","No","No","No"
"sv0013133",15,"M","Ds","urban","No","No","No"
"sv0013961",28,"M","Mu","urban","No","No","No"
"sv0009883",28,"M","Se","urban","No","No","No"
"sv0013333",22,"M","Se","urban","No","No","No"
"sv0003605",16,"M","Ds","urban","No","No","No"
"sv0016036",32,"M","Mu","rural","No","No","No"
"sv0015472",55,"M","DM","rural","No","No","No"
"sv0414284",25,"M","Se","rural","No","No","No"
"svv000108",19,"F","Mu","rural","Yes","No","No"
"sv0003317",40,"M","Mu","rural","Yes","No","No"
"sv0006550",22,"M","Se","urban","No","No","No"
"sv0008091",19,"M","Mu","rural","No","No","No"
"sv0009865",55,"M","Mu","rural","Yes","No","No"
"sv0016046",27,"M","Mu","rural","Yes","No","No"
"sv0016808",50,"M","Mu","rural","No","No","No"
"sv0013646",24,"M","Ds","urban","No","No","No"
"sv0004784",31,"M","Ds","rural","No","No","No"
"sv0000120",21,"M","Mu","rural","No","No","No"
"sv0011009",35,"M","Mu","rural","No","No","No"
"sv0007310",1,"M","Mu","rural","No","No","No"
"sv0007708",3,"F","Mu","rural","Yes","No","No"
"sv0014194",43,"M","Se","rural","No","No","No"
"sv0014429",28,"F","Se","rural","No","No","No"
"sv0001541",25,"M","Mu","rural","No","No","No"
"sv0018449",17,"M","Se","rural","No","No","No"
"sv0012973",23,"F","Mu","urban","No","No","No"
"svv000207",28,"M","Se","urban","No","No","No"
"sv0006403",51,"M","Mu","urban","No","No","No"
"sv0017169",66,"M","Mu","rural","Yes","No","No"
"sv0007051",33,"M","Mu","rural","No","No","No"
"sv0005844",27,"M","Se","urban","No","No","No"
"sv0006456",18,"M","Mu","urban","No","No","No"
"sv0009451",25,"M","Mu","rural","No","No","No"
"sv0007681",25,"M","Ds","urban","No","No","No"
"sv0001606",16,"M","Se","rural","No","No","No"
"sv0002827",40,"M","To","rural","Yes","No","No"
"sv0414110",22,"M","Mu","urban","No","No","No"
"sv0010957",59,"M","Mu","rural","No","No","No"
"sv0011606",18,"M","Mu","rural","No","No","No"
"sv0007483",70,"F","Mu","rural","No","No","No"
"sv0010167",58,"M","Ds","urban","No","No","No"
"sv0003746",30,"M","Mu","rural","No","No","No"
"sv0017482",18,"M","Mu","rural","No","No","No"
"sv0005295",34,"M","Ds","urban","No","No","No"
"sv0003936",20,"F","Mu","rural","Yes","No","No"
"sv0018105",25,"M","Mu","rural","Yes","Yes","No"
"sv0016534",17,"M","Mu","rural","Yes","No","No"
"sv0008181",33,"M","Mu","urban","No","No","No"
"sv0010618",35,"M","Se","rural","No","No","No"
"sv0013540",40,"M","Mu","urban","No","No","No"
"sv0016632",22,"M","Mu","rural","Yes","No","No"
"sv0002564",27,"M","Se","rural","No","No","No"
"sv0012313",23,"M","DM","rural","Yes","No","No"
"sv0001760",22,"F","Se","urban","No","No","No"
"sv0012746",55,"M","Mu","rural","No","No","No"
"sv0017995",38,"M","Ds","rural","No","No","No"
"sv0007167",51,"M","Mu","rural","No","No","No"
"sv0018120",48,"M","Mu","rural","Yes","Yes","No"
"sv0012003",34,"M","Se","rural","No","No","No"
"sv0014119",34,"M","To","rural","Yes","No","No"
"sv0004245",49,"M","Mu","rural","No","No","No"
"sv0015897",36,"M","Se","rural","No","No","No"
"sv0003250",32,"M","Se","urban","No","No","No"
"sv0415579",35,"M","Se","rural","No","No","No"
"sv0017665",27,"M","Mu","rural","Yes","No","No"
"sv0009626",32,"M","Mu","urban","No","No","No"
"sv0011252",28,"M","Mu","urban","No","No","No"
"sv0014830",42,"M","Mu","urban","No","No","No"
"sv0002019",34,"M","Se","rural","No","No","No"
"sv0004526",33,"M","Se","rural","No","No","No"
"sv0014382",45,"M","Mu","rural","No","No","No"
"sv0005906",53,"M","Mu","rural","No","No","No"
"sv0015345",55,"M","Mu","rural","No","Yes","No"
"sv0003557",23,"M","Ds","rural","No","No","No"
"sv0012385",20,"M","Ds","urban","No","No","No"
"sv0020299",18,"M","Mu","rural","No","No","No"
"sv0002555",60,"M","Mu","rural","Yes","No","No"
"sv0014415",31,"M","Se","rural","No","No","No"
"sv0010054",23,"M","Mu","rural","No","No","Yes"
"sv0016149",44,"M","Mu","rural","No","No","No"
"sv0010615",10,"F","Mu","rural","Yes","No","No"
"sv0018325",25,"M","Mu","rural","No","Yes","No"
"sv0005237",41,"M","Se","rural","No","No","No"
"sv0017809",64,"M","Ds","urban","No","No","No"
"sv0006092",22,"M","Mu","rural","No","No","No"
"sv0015852",43,"M","Mu","rural","No","No","No"
"sv0007222",35,"M","Mu","urban","No","No","No"
"sv0011518",37,"M","Ds","rural","No","No","No"
"sv0004633",26,"M","Mu","urban","No","No","No"
"sv0013835",60,"M","Mu","rural","No","No","No"
"sv0000207",19,"M","HR","rural","No","No","No"
"sv0009665",43,"F","Mu","rural","Yes","No","No"
"sv0010619",35,"M","Ds","rural","No","No","No"
"sv0007583",47,"M","Mu","urban","No","No","No"
"sv0009067",55,"M","Mu","rural","No","No","No"
"sv0004674",23,"F","Mu","rural","No","No","No"
"sv0014507",35,"F","Mu","rural","Yes","No","No"
"sv0011090",18,"M","Mu","rural","Yes","No","No"
"sv0010604",24,"F","Se","rural","No","No","No"
"sv0000992",30,"M","Ds","rural","No","No","No"
"sv0016011",15,"M","Mu","urban","No","No","No"
"sv0013253",20,"M","Ds","rural","No","No","No"
"sv0005863",48,"M","Mu","rural","No","No","No"
"sv0005817",35,"M","Mu","rural","Yes","No","No"
"sv0000579",35,"M","Mu","rural","Yes","Yes","No"
"sv0000758",24,"M","Se","urban","No","No","No"
"sv0002255",28,"M","Se","rural","Yes","No","No"
"sv0007155",25,"M","Mu","rural","No","No","No"
"sv0017333",49,"M","Ds","rural","No","No","No"
"sv0006799",13,"M","Mu","urban","No","No","No"
"sv0009300",5,"F","Mu","rural","No","No","No"
"svv000177",67,"M","Mu","rural","Yes","No","No"
"sv0047019",54,"M","Se","rural","No","No","No"
"sv0009825",45,"M","Se","rural","No","No","No"
"sv0015686",34,"M","Mu","","No","No","No"
"sv0016124",55,"M","Mu","rural","No","No","No"
"sv0004347",13,"M","Mu","rural","Yes","No","No"
"sv0014524",28,"M","Mu","rural","No","No","No"
"sv0003273",1,"M","Mu","rural","No","Yes","No"
"sv0009973",6,"F","Mu","rural","Yes","No","No"
"sv0002728",50,"M","Mu","rural","No","No","No"
"sv0018124",40,"M","Mu","rural","Yes","No","No"
"sv0015844",65,"M","Ds","rural","No","No","No"
"sv0009498",13,"M","HR","urban","No","No","No"
"sv0014846",58,"F","Mu","rural","No","No","No"
"sv0001400",19,"M","Mu","rural","No","No","No"
"sv0008382",47,"M","Mu","rural","Yes","No","No"
"svv000245",31,"M","Mu","rural","Yes","No","No"
"sv0017680",53,"F","Mu","rural","No","No","No"
"sv0004818",38,"M","Se","rural","Yes","No","No"
"sv0007420",30,"M","Se","rural","No","No","No"
"sv0005419",30,"M","Se","rural","No","No","No"
"sv0013298",40,"M","Mu","urban","No","No","No"
"sv0010132",25,"M","Mu","rural","Yes","No","No"
"sv0017129",16,"M","Se","urban","No","No","No"
"sv0007549",39,"M","Mu","rural","No","No","No"
"sv0004004",60,"M","Mu","rural","No","Yes","No"
"sv0008072",24,"F","Mu","rural","No","No","No"
"sv0015464",46,"M","HR","rural","No","No","No"
"sv0009877",25,"F","Mu","rural","No","No","No"
"sv0008045",23,"M","Mu","rural","No","No","No"
"sv0004994",59,"M","DM","urban","No","No","No"
"sv0010115",41,"M","Mu","rural","No","No","No"
"sv0001124",28,"M","Mu","rural","No","No","No"
"sv0005214",35,"M","Mu","rural","Yes","No","No"
"sv0012808",86,"F","Mu","urban","No","No","No"
"sv0007354",40,"M","Mu","rural","No","No","No"
"sv0009582",38,"M","Mu","urban","No","No","No"
"sv0002284",30,"M","To","rural","Yes","No","No"
"sv0011699",32,"M","Mu","rural","No","No","No"
"sv0004773",35,"M","Mu","rural","No","No","No"
"sv0009212",38,"M","Mu","rural","Yes","Yes","No"
"sv0001955",55,"F","Mu","rural","No","No","No"
"sv0015847",26,"M","Se","rural","No","No","No"
"sv0012090",38,"M","Mu","rural","No","No","No"
"sv0011840",26,"M","Mu","rural","No","No","No"
"svv000118",30,"M","To","rural","Yes","No","No"
"sv0006663",35,"M","Se","rural","No","Yes","No"
"sv0426532",43,"M","Mu","urban","No","No","No"
"sv0018318",17,"M","Mu","rural","Yes","No","No"
"sv0010786",39,"M","Mu","rural","No","No","No"
"sv0002138",13,"M","Mu","rural","No","No","No"
"svp000752",49,"M","Mu","rural","Yes","No","No"
"sv0000806",28,"M","Se","urban","No","No","No"
"sv0049893",22,"M","Se","rural","No","No","No"
"sv0008118",30,"M","Mu","rural","Yes","No","No"
"sv0008429",28,"M","Se","urban","No","No","No"
"sv0004839",24,"M","Mu","rural","No","No","No"
"sv0009268",8,"F","Mu","rural","Yes","Yes","No"
"sv0001844",17,"M","Mu","rural","No","No","No"
"sv0018622",29,"M","Ds","rural","No","No","No"
"sv0003272",2,"F","Mu","rural","No","Yes","No"
